Majority protein IDs,iBAQ C,iBAQ M,iBAQ MTBE
PGSC0003DMP400017953,20253000000,19620000000,18709000000
PGSC0003DMP400024808,12520000000,14362000000,14130000000
PGSC0003DMP400017944,11786000000,11658000000,13568000000
PGSC0003DMP400015381,9458900000,10698000000,10352000000
PGSC0003DMP400017933,8165300000,9030900000,5717600000
PGSC0003DMP400029876,4398700000,4524100000,3492100000
PGSC0003DMP400016822,4922700000,3983700000,2471800000
PGSC0003DMP400017946,1150400000,882500000,1101500000
PGSC0003DMP400002693,757000000,984390000,995530000
PGSC0003DMP400036451,769950000,925400000,992830000
PGSC0003DMP400017088,338530000,546060000,796370000
PGSC0003DMP400030948,485050000,570840000,656560000
PGSC0003DMP400011773,593780000,546400000,553610000
PGSC0003DMP400030463,399100000,574240000,534650000
PGSC0003DMP400005276,446950000,681080000,435820000
PGSC0003DMP400051216,312680000,344970000,373480000
PGSC0003DMP400004787,313830000,368870000,367430000
PGSC0003DMP400006205,255010000,46551000,329520000
PGSC0003DMP400034197,211970000,246250000,328820000
PGSC0003DMP400004377,218550000,284480000,309670000
PGSC0003DMP400052949,218490000,426950000,305480000
PGSC0003DMP400001384,281820000,327660000,272360000
PGSC0003DMP400022014,238030000,264770000,238650000
PGSC0003DMP400004893,228270000,259710000,237610000
PGSC0003DMP400013702,169550000,259590000,216060000
PGSC0003DMP400023600,154040000,194880000,209690000
PGSC0003DMP400040423,185140000,187310000,205290000
PGSC0003DMP400061588,148180000,151260000,190190000
PGSC0003DMP400021399,143470000,184290000,168140000
PGSC0003DMP400045979,172650000,173570000,162130000
PGSC0003DMP400044317,78244000,161170000,155990000
PGSC0003DMP400002952,152500000,109790000,148040000
PGSC0003DMP400031125,91839000,94452000,140820000
PGSC0003DMP400029983,127720000,127020000,139300000
PGSC0003DMP400051475,93018000,88026000,129750000
PGSC0003DMP400052673,85127000,93257000,123180000
PGSC0003DMP400035737,74336000,95545000,117770000
PGSC0003DMP400051845,125940000,134530000,116560000
PGSC0003DMP400023230,91185000,104450000,115940000
PGSC0003DMP400026740,6906600,102170000,112500000
PGSC0003DMP400036969,111000000,90925000,111730000
PGSC0003DMP400043210,61953000,78760000,106230000
PGSC0003DMP400003358,72653000,105700000,105990000
PGSC0003DMP400055850,38186000,89564000,100560000
PGSC0003DMP400047626,78441000,113590000,98615000
PGSC0003DMP400053155,55991000,62573000,87999000
PGSC0003DMP400053206,38584000,42265000,82556000
PGSC0003DMP400015010,528040000,432920000,82038000
PGSC0003DMP400015574,66816000,75916000,78918000
PGSC0003DMP400050915,35102000,73539000,77441000
PGSC0003DMP400004853,68092000,71126000,77353000
PGSC0003DMP400013674,131190000,30143000,75207000
PGSC0003DMP400000968,41476000,84329000,74605000
PGSC0003DMP400055728,50202000,62651000,73997000
PGSC0003DMP400040501,105600000,62515000,73693000
PGSC0003DMP400053435,56181000,72319000,73271000
PGSC0003DMP400038231,57433000,66308000,70398000
PGSC0003DMP400054296,43936000,73716000,68710000
PGSC0003DMP400020280,39270000,63365000,66202000
PGSC0003DMP400017954,331470000,235320000,66148000
PGSC0003DMP400042471,53865000,52214000,64727000
PGSC0003DMP400045763,70370000,43580000,64040000
PGSC0003DMP400005905,55659000,67142000,62564000
PGSC0003DMP400049096,54406000,26867000,61842000
PGSC0003DMP400034344,63353000,58806000,61745000
PGSC0003DMP400037969,386560000,289930000,60993000
PGSC0003DMP400068449,54371000,99510000,60910000
PGSC0003DMP400012382,42971000,42982000,60849000
PGSC0003DMP400042806,78476000,83784000,59976000
PGSC0003DMP400056197,56103000,55506000,59244000
PGSC0003DMP400011378,28703000,37351000,56655000
PGSC0003DMP400025192,31625000,72579000,56242000
PGSC0003DMP400043823,29180000,63875000,56239000
PGSC0003DMP400021836,36024000,62117000,56163000
PGSC0003DMP400049130,44658000,48899000,52922000
PGSC0003DMP400054973,58871000,59229000,52421000
PGSC0003DMP400004507,70219000,47243000,51757000
PGSC0003DMP400040823,40077000,84055000,50839000
PGSC0003DMP400048518,39520000,34668000,49635000
PGSC0003DMP400041677,45369000,40540000,48758000
PGSC0003DMP400011423,38768000,39316000,47442000
PGSC0003DMP400053597,39714000,91726000,47402000
PGSC0003DMP400023468,35178000,52991000,45818000
PGSC0003DMP400035894,13712000,22657000,43292000
PGSC0003DMP400050159,10112000,32265000,42929000
PGSC0003DMP400004905,45444000,67791000,42632000
PGSC0003DMP400010474,27146000,37260000,42410000
PGSC0003DMP400022582,28188000,49507000,42399000
PGSC0003DMP400041179,14128000,33208000,42299000
PGSC0003DMP400048253,44286000,53055000,40698000
PGSC0003DMP400057441,43600000,49790000,38461000
PGSC0003DMP400051165,29163000,25789000,38450000
PGSC0003DMP400045246,36841000,18328000,37594000
PGSC0003DMP400030693,28476000,39502000,37131000
PGSC0003DMP400053650,11369000,29136000,36826000
PGSC0003DMP400056301,37746000,47288000,36537000
PGSC0003DMP400025769,12766000,71687000,35652000
PGSC0003DMP400034764,8044800,9643600,35227000
PGSC0003DMP400037644,49963000,50418000,35122000
PGSC0003DMP400026753,4087100,4931600,33777000
PGSC0003DMP400006708,27114000,32672000,33462000
PGSC0003DMP400008075,27453000,55221000,33223000
PGSC0003DMP400037788,35048000,48976000,32894000
PGSC0003DMP400012430,23153000,33218000,32628000
PGSC0003DMP400025902,25239000,37971000,32571000
PGSC0003DMP400033537,17549000,20509000,32506000
PGSC0003DMP400040570,41888000,57791000,32455000
PGSC0003DMP400031856,38428000,53840000,32313000
PGSC0003DMP400034533,19636000,24346000,31998000
PGSC0003DMP400004639,49139000,63065000,30988000
PGSC0003DMP400009761,148270000,124090000,30685000
PGSC0003DMP400035059,28623000,29468000,30653000
PGSC0003DMP400032316,24835000,39398000,30395000
PGSC0003DMP400054765,41021000,39336000,30162000
PGSC0003DMP400032871,21335000,43491000,29547000
PGSC0003DMP400038410,25539000,25530000,29213000
PGSC0003DMP400040662,13700000,33644000,29020000
PGSC0003DMP400019895,21662000,30382000,28231000
PGSC0003DMP400028772,52717000,123100000,27508000
PGSC0003DMP400047198,53174000,5172000,27506000
PGSC0003DMP400036706,48617000,32585000,27434000
PGSC0003DMP400033909,35316000,34776000,25528000
PGSC0003DMP400028123,24381000,32477000,25522000
PGSC0003DMP400024203,29136000,20926000,25255000
PGSC0003DMP400052894,18976000,20577000,25050000
PGSC0003DMP400056248,19638000,34521000,25041000
PGSC0003DMP400004292,11699000,13879000,24993000
PGSC0003DMP400003795,18065000,36404000,24875000
PGSC0003DMP400048869,22260000,30481000,24345000
PGSC0003DMP400042396,16601000,23392000,24308000
PGSC0003DMP400029940,26914000,22382000,24282000
PGSC0003DMP400052979,18145000,28989000,24184000
PGSC0003DMP400051386,20756000,17954000,24157000
PGSC0003DMP400042799,19188000,15751000,23990000
PGSC0003DMP400053772,30478000,53706000,23923000
PGSC0003DMP400024298,19006000,26244000,23579000
PGSC0003DMP400021915,12439000,30734000,23374000
PGSC0003DMP400040850,16478000,30124000,23364000
PGSC0003DMP400016818,25629000,44909000,23158000
PGSC0003DMP400017626,15180000,16354000,23128000
PGSC0003DMP400035854,23814000,27019000,23002000
PGSC0003DMP400039337,5222100,20176000,22963000
PGSC0003DMP400056118,6277400,8433200,22636000
PGSC0003DMP400036738,21482000,9596100,22456000
PGSC0003DMP400007227,9089300,18099000,22379000
PGSC0003DMP400010984,19845000,21929000,22274000
PGSC0003DMP400052850,15820000,24347000,22023000
PGSC0003DMP400028189,23910000,15603000,21935000
PGSC0003DMP400017366,117760000,246840000,21880000
PGSC0003DMP400040545,7147900,12264000,21499000
PGSC0003DMP400051590,26442000,36297000,21295000
PGSC0003DMP400035289,20820000,19225000,21232000
PGSC0003DMP400026409,42788000,37880000,20683000
PGSC0003DMP400009065,17375000,11930000,20680000
PGSC0003DMP400017046,21348000,24206000,20217000
PGSC0003DMP400033333,15872000,16627000,20193000
PGSC0003DMP400035507,15297000,27887000,19977000
PGSC0003DMP400040238,12185000,17812000,19722000
PGSC0003DMP400003147,23416000,14496000,19312000
PGSC0003DMP400006459,41127000,56184000,19299000
PGSC0003DMP400009360,2580900,4428800,18982000
PGSC0003DMP400012883,10605000,16183000,18849000
PGSC0003DMP400022845,15023000,17409000,18577000
PGSC0003DMP400013843,9882100,11198000,18575000
PGSC0003DMP400042192,30836000,39367000,18161000
PGSC0003DMP400046816,14827000,38102000,17973000
PGSC0003DMP400015807,11726000,15344000,17931000
PGSC0003DMP400055303,7904100,9719200,17507000
PGSC0003DMP400005232,21663000,26178000,17491000
PGSC0003DMP400043902,17021000,18723000,17332000
PGSC0003DMP400022271,9671300,7971900,16823000
PGSC0003DMP400007498,19861000,19943000,16807000
PGSC0003DMP400013800,12871000,16764000,16802000
PGSC0003DMP400020190,10080000,19894000,16796000
PGSC0003DMP400015440,17648000,18249000,16447000
PGSC0003DMP400038786,14754000,17539000,16390000
PGSC0003DMP400018842,27674000,31074000,16245000
PGSC0003DMP400041520,14846000,21663000,16240000
PGSC0003DMP400041188,9531400,13325000,16128000
PGSC0003DMP400004986,14848000,14785000,15625000
PGSC0003DMP400066623,18006000,25430000,15508000
PGSC0003DMP400042657,9302200,6617300,15490000
PGSC0003DMP400050964,60264000,82130000,15448000
PGSC0003DMP400006531,6089100,7290500,15438000
PGSC0003DMP400009357,1130500,6218200,15128000
PGSC0003DMP400017553,8049100,11688000,15067000
PGSC0003DMP400028335,9549700,12821000,14918000
PGSC0003DMP400027097,9404200,16375000,14839000
PGSC0003DMP400043596,5491300,12306000,14709000
PGSC0003DMP400035517,17588000,15106000,14669000
PGSC0003DMP400021944,15690000,10638000,14632000
PGSC0003DMP400055446,14712000,24284000,14497000
PGSC0003DMP400047202,6779200,13123000,14449000
PGSC0003DMP400036684,9397000,13039000,14317000
PGSC0003DMP400029039,6111200,7985100,14285000
PGSC0003DMP400039031,25392000,26101000,14269000
PGSC0003DMP400013565,9238800,19315000,14022000
PGSC0003DMP400002095,12808000,13629000,14015000
PGSC0003DMP400016183,9593400,8908200,14005000
PGSC0003DMP400044199,14364000,19060000,13549000
PGSC0003DMP400049868,3097300,4333700,13525000
PGSC0003DMP400035260,8479900,26969000,13364000
PGSC0003DMP400024478,1258600,19399000,13256000
PGSC0003DMP400010945,4145900,5420500,13145000
PGSC0003DMP400068995,9440300,12041000,13131000
PGSC0003DMP400043144,9500600,25556000,13074000
PGSC0003DMP400016338,16969000,30932000,12868000
PGSC0003DMP400039675,13802000,14247000,12777000
PGSC0003DMP400010377,7774300,8591500,12579000
PGSC0003DMP400022472,6442200,28784000,12520000
PGSC0003DMP400050837,6487600,6322000,12370000
PGSC0003DMP400027586,7297300,10904000,12224000
PGSC0003DMP400046726,8092700,9592600,12191000
PGSC0003DMP400012396,5918100,5795300,12124000
PGSC0003DMP400017263,13715000,12096000,12068000
PGSC0003DMP400046033,4975500,9164000,11914000
PGSC0003DMP400026892,6845000,7572600,11800000
PGSC0003DMP400007420,5381900,11741000,11761000
PGSC0003DMP400008485,14048000,21491000,11751000
PGSC0003DMP400015542,11724000,8015400,11703000
PGSC0003DMP400043749,9665900,12488000,11661000
PGSC0003DMP400016325,3914900,3950200,11609000
PGSC0003DMP400003085,9817900,14790000,11569000
PGSC0003DMP400053771,23657000,35381000,11565000
PGSC0003DMP400042355,18940000,22248000,11472000
PGSC0003DMP400034968,13277000,12495000,11318000
PGSC0003DMP400007881,6047600,15791000,11236000
PGSC0003DMP400053669,6862000,11622000,11176000
PGSC0003DMP400053197,10271000,12620000,11001000
PGSC0003DMP400021700,3070200,3873200,10881000
PGSC0003DMP400046035,1977600,9848500,10585000
PGSC0003DMP400013224,28496000,20159000,10504000
PGSC0003DMP400036181,5548200,9569000,10426000
PGSC0003DMP400031685,6503200,1746200,10375000
PGSC0003DMP400005278,7369700,9266800,10187000
PGSC0003DMP400014408,5467400,8949100,10048000
PGSC0003DMP400052521,6646100,7664000,10036000
PGSC0003DMP400012889,7640000,9718300,10007000
PGSC0003DMP400003107,10235000,8370100,9902100
PGSC0003DMP400002369,8675300,10354000,9868700
PGSC0003DMP400034568,3213600,7697600,9765700
PGSC0003DMP400023242,2136800,5527100,9745300
PGSC0003DMP400008482,6544300,12438000,9723600
PGSC0003DMP400041832,9364700,11810000,9602900
PGSC0003DMP400018879,3522600,4919000,9506300
PGSC0003DMP400012170,8636000,7116600,9471200
PGSC0003DMP400005758,16295000,14446000,9415200
PGSC0003DMP400049228,6720400,8317900,9380800
PGSC0003DMP400036880,11437000,11582000,9325100
PGSC0003DMP400040213,11552000,12897000,9324300
PGSC0003DMP400032574,1688800,14646000,9286000
PGSC0003DMP400043663,9680300,3077300,9262500
PGSC0003DMP400041892,6478900,10251000,9226200
PGSC0003DMP400038870,17498000,16388000,9188400
PGSC0003DMP400027236,7905700,11732000,9015600
PGSC0003DMP400002124,6909700,8449700,8967300
PGSC0003DMP400006575,10715000,13312000,8961600
PGSC0003DMP400035581,7574500,9053400,8952300
PGSC0003DMP400025336,15402000,14869000,8897400
PGSC0003DMP400029118,8995600,9864800,8812900
PGSC0003DMP400008249,10384000,10944000,8718500
PGSC0003DMP400015340,4798200,1207900,8684400
PGSC0003DMP400048247,12387000,15394000,8642300
PGSC0003DMP400024245,3658400,6932300,8610600
PGSC0003DMP400015797,1369700,11997000,8605500
PGSC0003DMP400014198,6101900,5565100,8524200
PGSC0003DMP400054979,13081000,8073200,8456900
PGSC0003DMP400009572,11224000,20987000,8397900
PGSC0003DMP400055843,7813400,7024400,8373100
PGSC0003DMP400014820,2696300,2564700,8345500
PGSC0003DMP400026315,5743100,6244200,8235700
PGSC0003DMP400033974,19482000,31001000,8163900
PGSC0003DMP400014892,9529100,14272000,8158400
PGSC0003DMP400038804,917660,5284600,8087600
PGSC0003DMP400046438,10116000,15639000,8083500
PGSC0003DMP400009956,6424300,6478400,8006300
PGSC0003DMP400004982,3767000,8106800,7955000
PGSC0003DMP400047273,4609500,7949500,7941300
PGSC0003DMP400045752,15112000,8758200,7895100
PGSC0003DMP400035271,3631500,3874500,7780500
PGSC0003DMP400021684,6816400,5968400,7667500
PGSC0003DMP400042647,4347000,5991900,7606200
PGSC0003DMP400024061,15554000,6788100,7581900
PGSC0003DMP400010820,5805300,7994100,7580600
PGSC0003DMP400014215,9591400,6061400,7546700
PGSC0003DMP400047519,4951400,6371400,7456800
PGSC0003DMP400051894,6628300,7486100,7386300
PGSC0003DMP400041843,913060,5346300,7366000
PGSC0003DMP400038230,6647700,6557800,7333100
PGSC0003DMP400008694,7260700,10633000,7298300
PGSC0003DMP400065477,4777200,6651200,7193200
PGSC0003DMP400053029,5685700,6388000,7191900
PGSC0003DMP400005169,6147400,11574000,7171600
PGSC0003DMP400052009,11290000,19109000,7119200
PGSC0003DMP400034811,11531000,14075000,7114000
PGSC0003DMP400020652,5958200,5713700,7019600
PGSC0003DMP400014394,19613000,12954000,6916400
PGSC0003DMP400000581,5705400,8220800,6916300
PGSC0003DMP400021804,3692300,7515200,6900900
PGSC0003DMP400031543,3495000,7754500,6895500
PGSC0003DMP400009293,3200400,3913000,6886900
PGSC0003DMP400050451,7783200,7916800,6754400
PGSC0003DMP400021905,5737800,6531100,6702800
PGSC0003DMP400052482,4321500,6545800,6607100
PGSC0003DMP400014922,6403400,4897400,6548400
PGSC0003DMP400044014,8052600,9417200,6516800
PGSC0003DMP400051017,5637400,4974900,6500800
PGSC0003DMP400035087,4446800,6125100,6475000
PGSC0003DMP400041767,5246500,2695000,6429300
PGSC0003DMP400048712,18566000,26556000,6405400
PGSC0003DMP400043670,5956100,9199200,6398100
PGSC0003DMP400035467,9306900,12078000,6278000
PGSC0003DMP400040116,4199000,4642900,6235000
PGSC0003DMP400047503,5944300,5309000,6207400
PGSC0003DMP400008868,3603900,7023000,6161500
PGSC0003DMP400049090,6869000,8648300,6142600
PGSC0003DMP400051502,3030300,3416800,6053300
PGSC0003DMP400039525,5905000,6383200,6047400
PGSC0003DMP400042811,11137000,2850600,6009300
PGSC0003DMP400024244,2055100,2680500,5916800
PGSC0003DMP400051034,1372400,1691100,5845600
PGSC0003DMP400035225,5749300,7605000,5825700
PGSC0003DMP400004255,2157400,4066900,5746600
PGSC0003DMP400054064,2015200,3949900,5694400
PGSC0003DMP400020579,3485300,2341400,5659700
PGSC0003DMP400036498,1582300,4438300,5652700
PGSC0003DMP400051069,6637800,6545000,5620500
PGSC0003DMP400052341,3672200,6822700,5613700
PGSC0003DMP400025263,3541500,6903000,5591100
PGSC0003DMP400041746,4824100,2836600,5564800
PGSC0003DMP400043892,6084700,9028800,5555400
PGSC0003DMP400002176,6536400,5144000,5545000
PGSC0003DMP400033182,10008000,7773600,5501400
PGSC0003DMP400048617,6476600,4459300,5467600
PGSC0003DMP400046839,2800200,3588000,5453000
PGSC0003DMP400031593,8470500,13685000,5404500
PGSC0003DMP400008070,3031500,3770100,5367600
PGSC0003DMP400001956,2314900,4619600,5311000
PGSC0003DMP400009525,2326100,883200,5301700
PGSC0003DMP400010545,4898200,4633200,5252800
PGSC0003DMP400034967,3472700,5953900,5237100
PGSC0003DMP400021853,2633400,0,5193400
PGSC0003DMP400029648,0,5580800,5185200
PGSC0003DMP400042549,8451500,13370000,5150400
PGSC0003DMP400014118,5536700,7362900,5077500
PGSC0003DMP400020262,4941700,11934000,5068600
PGSC0003DMP400052839,2969900,1589500,5049100
PGSC0003DMP400020834,3127200,2789800,5006500
PGSC0003DMP400003691,1234400,713750,4985200
PGSC0003DMP400047243,3920600,4743400,4938000
PGSC0003DMP400029263,1964600,2587300,4923900
PGSC0003DMP400018644,5136900,4535800,4920000
PGSC0003DMP400045099,3517500,222840,4902700
PGSC0003DMP400032951,5840000,4928500,4870700
PGSC0003DMP400041114,907770,13033000,4851200
PGSC0003DMP400034086,4327100,3787400,4814700
PGSC0003DMP400027000,2154100,5167800,4788300
PGSC0003DMP400052225,2565100,6945900,4770800
PGSC0003DMP400044257,4461200,3732200,4731600
PGSC0003DMP400008168,8446600,14363000,4725600
PGSC0003DMP400002610,3466900,7566800,4723800
PGSC0003DMP400014012,3435400,4803100,4710900
PGSC0003DMP400039029,2928600,3250500,4594200
PGSC0003DMP400021101,5283300,6676100,4593600
PGSC0003DMP400054525,0,0,4581300
PGSC0003DMP400038511,4573600,14585000,4550500
PGSC0003DMP400031028,3519400,4217900,4476700
PGSC0003DMP400027726,2925600,4016900,4406200
PGSC0003DMP400040343,5308000,2791000,4394000
PGSC0003DMP400037602,1430500,3085200,4381600
PGSC0003DMP400028883,4404800,2229100,4357100
PGSC0003DMP400015703,2655800,4789700,4351000
PGSC0003DMP400019877,5343900,9812800,4344800
PGSC0003DMP400045714,3947400,4056000,4291000
PGSC0003DMP400055028,1446800,0,4283900
PGSC0003DMP400052125,2517600,3296800,4256200
PGSC0003DMP400005538,5414900,6103900,4197100
PGSC0003DMP400004284,5925300,4260200,4184300
PGSC0003DMP400026742,2360000,1403400,4159300
PGSC0003DMP400027644,2210500,3840000,4124700
PGSC0003DMP400010222,3319000,5252600,4122200
PGSC0003DMP400051807,350930,400680,4112300
PGSC0003DMP400002383,3442200,5191500,4052700
PGSC0003DMP400043343,2159900,3720500,3995700
PGSC0003DMP400002988,4722000,2968800,3988200
PGSC0003DMP400039008,1808900,5304400,3950200
PGSC0003DMP400039953,5721200,9305600,3920700
PGSC0003DMP400051119,5182100,2357200,3913000
PGSC0003DMP400047193,4629100,7041000,3901900
PGSC0003DMP400042353,2519500,3105900,3889600
PGSC0003DMP400003923,2940800,3551800,3889000
PGSC0003DMP400023158,2833500,4312700,3871900
PGSC0003DMP400029000,4469600,3815800,3857600
PGSC0003DMP400009959,3386000,2687500,3845900
PGSC0003DMP400046948,3157100,4935100,3833200
PGSC0003DMP400016287,3675400,4208200,3813300
PGSC0003DMP400029970,3101600,1111700,3783700
PGSC0003DMP400054599,1956200,3159100,3733300
PGSC0003DMP400037424,1247300,3208100,3711900
PGSC0003DMP400016608,3856600,3946200,3711000
PGSC0003DMP400029281,2956700,3927800,3710300
PGSC0003DMP400004858,1831000,6156600,3708200
PGSC0003DMP400029481,2520200,4222600,3703700
PGSC0003DMP400045332,3289100,4246100,3694900
PGSC0003DMP400015495,369440,4593700,3633200
PGSC0003DMP400034883,2718300,129010,3601500
PGSC0003DMP400018261,1495600,988910,3600100
PGSC0003DMP400029942,4822500,4960800,3556500
PGSC0003DMP400046835,2627800,2829900,3550900
PGSC0003DMP400054073,1606200,2491400,3514400
PGSC0003DMP400029247,4836600,3381400,3508600
PGSC0003DMP400000877,2256200,2057800,3504200
PGSC0003DMP400033291,2976500,2919600,3501200
PGSC0003DMP400026219,2914200,3268600,3496200
PGSC0003DMP400051480,826050,1591800,3495700
PGSC0003DMP400028602,0,0,3493100
PGSC0003DMP400042349,1775000,3164700,3468000
PGSC0003DMP400041705,2606400,3832600,3454400
PGSC0003DMP400001430,930110,400570,3447100
PGSC0003DMP400055475,2297000,1532900,3446300
PGSC0003DMP400030700,3288700,0,3436400
PGSC0003DMP400027866,2036500,2661200,3435300
PGSC0003DMP400026071,4466600,1919800,3413300
PGSC0003DMP400045153,3468200,5380700,3410400
PGSC0003DMP400026781,2479800,4368200,3385500
PGSC0003DMP400034445,2929400,0,3313700
PGSC0003DMP400048826,380610,2667900,3307100
PGSC0003DMP400051745,38438000,30119000,3301400
PGSC0003DMP400033459,1623500,2897500,3273000
PGSC0003DMP400049100,3625500,186620,3246700
PGSC0003DMP400041872,1474500,1007500,3245600
PGSC0003DMP400008705,2676900,2815300,3221300
PGSC0003DMP400028711,2230600,2911000,3218500
PGSC0003DMP400049153,3980800,6605600,3218200
PGSC0003DMP400001863,1453500,1578800,3211900
PGSC0003DMP400044861,1464500,1331600,3197700
PGSC0003DMP400034880,2446400,2855200,3192500
PGSC0003DMP400040985,2333500,927730,3096600
PGSC0003DMP400009975,2738700,3582400,3094000
PGSC0003DMP400047102,637360,4026700,3090200
PGSC0003DMP400024024,2189800,5090500,3065500
PGSC0003DMP400040259,1822000,5012100,3036300
PGSC0003DMP400035476,2126900,8397900,3035100
PGSC0003DMP400032650,2413500,2163100,3034000
PGSC0003DMP400033385,3040300,0,3017700
PGSC0003DMP400037844,1569800,0,3011100
PGSC0003DMP400026707,3221500,4384000,3008000
PGSC0003DMP400048819,1788600,2100000,2952700
PGSC0003DMP400019275,1763100,1071500,2893700
PGSC0003DMP400040580,2469800,3926800,2872400
PGSC0003DMP400027688,796250,1959300,2856000
PGSC0003DMP400012804,186130,262230,2833700
PGSC0003DMP400038653,1965100,3256900,2818900
PGSC0003DMP400049762,1649100,2772700,2795700
PGSC0003DMP400015955,12360000,10711000,2768600
PGSC0003DMP400029879,1586400,3212100,2767100
PGSC0003DMP400054653,4693100,5675900,2763400
PGSC0003DMP400000789,751630,599340,2758200
PGSC0003DMP400051673,806900,1443500,2747800
PGSC0003DMP400028000,1063800,2173400,2727600
PGSC0003DMP400000352,3684300,2030000,2727400
PGSC0003DMP400035196,905490,2722000,2727300
PGSC0003DMP400001780,1865300,5921800,2707100
PGSC0003DMP400037321,1671800,893770,2704300
PGSC0003DMP400008155,1519100,3581400,2703200
PGSC0003DMP400006395,990620,3007900,2685800
PGSC0003DMP400013623,2099100,4184400,2683500
PGSC0003DMP400045782,3098100,1011600,2659300
PGSC0003DMP400046899,937090,1672100,2649600
PGSC0003DMP400038791,1111000,2078200,2640200
PGSC0003DMP400003407,1363300,1904700,2572700
PGSC0003DMP400032458,3247800,5368900,2566600
PGSC0003DMP400003503,673220,994080,2555700
PGSC0003DMP400017551,2116300,2506900,2528900
PGSC0003DMP400031892,510710,1241300,2524500
PGSC0003DMP400020007,1422500,1829700,2511900
PGSC0003DMP400025073,1838800,2001400,2506600
PGSC0003DMP400030413,1059200,573510,2447100
PGSC0003DMP400031134,268820,891360,2444900
PGSC0003DMP400008341,1638900,1806200,2433000
PGSC0003DMP400049800,396550,935210,2430300
PGSC0003DMP400040714,4033500,5277900,2411800
PGSC0003DMP400022975,2404700,2962400,2371900
PGSC0003DMP400018869,5955400,3380400,2348900
PGSC0003DMP400027394,1516800,2820400,2320900
PGSC0003DMP400025016,7514300,9871300,2312100
PGSC0003DMP400002591,2533500,3273500,2311900
PGSC0003DMP400003438,1992200,3126000,2280800
PGSC0003DMP400025049,1728700,1903000,2258800
PGSC0003DMP400004251,1934000,2815100,2247900
PGSC0003DMP400053312,1794600,2451500,2243200
PGSC0003DMP400046770,135330,123750,2230700
PGSC0003DMP400031766,696460,0,2211600
PGSC0003DMP400035482,2886900,2821400,2204300
PGSC0003DMP400026650,1182000,1457700,2200300
PGSC0003DMP400053921,1196400,1476500,2190300
PGSC0003DMP400038444,5174700,5565000,2180600
PGSC0003DMP400013765,606020,822440,2164400
PGSC0003DMP400052940,704780,1099500,2163600
PGSC0003DMP400039130,1403600,2801400,2144700
PGSC0003DMP400003613,2195700,2552300,2118300
PGSC0003DMP400020837,1492800,2182600,2116400
PGSC0003DMP400041121,344310,720480,2113400
PGSC0003DMP400020148,1332000,1918300,2106600
PGSC0003DMP400004808,1753500,1053300,2105800
PGSC0003DMP400014406,1455700,2147500,2102300
PGSC0003DMP400042548,1300800,2124400,2047400
PGSC0003DMP400049426,3921100,4907800,2021800
PGSC0003DMP400036282,681140,894820,2005500
PGSC0003DMP400035458,229990,0,2003000
PGSC0003DMP400018246,393500,2699900,1999400
PGSC0003DMP400019159,1366600,912580,1996900
PGSC0003DMP400047235,4071700,4481700,1992700
PGSC0003DMP400034927,1068600,1482200,1990500
PGSC0003DMP400040308,1643800,1832500,1980900
PGSC0003DMP400023494,2218000,3436500,1978300
PGSC0003DMP400003684,1901500,2242000,1976100
PGSC0003DMP400020040,6417800,2832700,1965200
PGSC0003DMP400042978,2129900,1276400,1962900
PGSC0003DMP400034242,1557900,4781400,1953400
PGSC0003DMP400038628,1672900,685340,1949400
PGSC0003DMP400006721,1456500,1707600,1931200
PGSC0003DMP400048199,390610,765280,1915800
PGSC0003DMP400044653,1202300,2457500,1912700
PGSC0003DMP400025062,1040900,1171500,1899900
PGSC0003DMP400052855,2109700,2918200,1894800
PGSC0003DMP400019475,1361500,1547000,1889000
PGSC0003DMP400041975,4933800,120620,1887800
PGSC0003DMP400052405,507090,1958300,1885200
PGSC0003DMP400040866,1613200,3259200,1882800
PGSC0003DMP400000171,3982200,922860,1876200
PGSC0003DMP400045339,457960,2286800,1863400
PGSC0003DMP400056312,1699900,2576000,1860500
PGSC0003DMP400019188,978800,3200500,1856900
PGSC0003DMP400007784,2072200,1578400,1844900
PGSC0003DMP400038473,0,0,1844300
PGSC0003DMP400013848,0,2979700,1844200
PGSC0003DMP400025001,1986500,3895700,1842800
PGSC0003DMP400005640,2358500,2629400,1838300
PGSC0003DMP400048567,1548000,1463400,1822300
PGSC0003DMP400013910,1635500,2368200,1820600
PGSC0003DMP400041969,731470,1045100,1815100
PGSC0003DMP400009954,868890,713850,1813000
PGSC0003DMP400030421,1431600,1345600,1805100
PGSC0003DMP400040972,2256200,2472400,1800500
PGSC0003DMP400008519,8858800,5723500,1786200
PGSC0003DMP400000783,1181700,1018700,1766700
PGSC0003DMP400046897,1557200,580750,1762800
PGSC0003DMP400033375,1093900,978510,1757600
PGSC0003DMP400055320,1670300,2588000,1754700
PGSC0003DMP400014131,1019100,1681100,1739600
PGSC0003DMP400046426,1960700,2195800,1730700
PGSC0003DMP400045833,608670,913980,1729900
PGSC0003DMP400000271,2463200,4126500,1727700
PGSC0003DMP400038497,2769600,3525700,1726300
PGSC0003DMP400012105,2118400,2460300,1717200
PGSC0003DMP400028629,5730000,5533500,1712400
PGSC0003DMP400002853,1015700,1934800,1708500
PGSC0003DMP400033144,1686400,2861400,1704300
PGSC0003DMP400022668,757160,830910,1684300
PGSC0003DMP400011112,1928700,411880,1680100
PGSC0003DMP400036191,927260,1841300,1671100
PGSC0003DMP400001133,1475600,588130,1665800
PGSC0003DMP400047733,1350300,3912100,1636500
PGSC0003DMP400009870,1073100,1442600,1635600
PGSC0003DMP400026875,1332300,1279000,1630100
PGSC0003DMP400003446,1416800,1419900,1626000
PGSC0003DMP400047989,1457700,1204400,1594400
PGSC0003DMP400053745,0,3857300,1590600
PGSC0003DMP400048187,1087000,1032900,1575900
PGSC0003DMP400010252,1962300,0,1575800
PGSC0003DMP400027873,543680,768420,1567700
PGSC0003DMP400043458,0,1884800,1564700
PGSC0003DMP400002445,2477700,3392400,1564000
PGSC0003DMP400030537,0,0,1560100
PGSC0003DMP400051599,391990,754970,1554800
PGSC0003DMP400014953,636300,0,1554700
PGSC0003DMP400043115,2123000,1113700,1531200
PGSC0003DMP400049611,2560700,793290,1520500
PGSC0003DMP400041814,482690,2203100,1515900
PGSC0003DMP400021552,439920,472450,1509900
PGSC0003DMP400035769,178020,989460,1506600
PGSC0003DMP400000159,1535800,2244100,1504600
PGSC0003DMP400033822,1532100,1196400,1493000
PGSC0003DMP400013238,903200,798330,1488000
PGSC0003DMP400051725,684370,1777900,1479100
PGSC0003DMP400041918,934700,1529600,1458900
PGSC0003DMP400010181,626800,0,1416800
PGSC0003DMP400055366,1860000,3292600,1400500
PGSC0003DMP400038185,917050,1921900,1392000
PGSC0003DMP400010730,1213800,1406200,1379500
PGSC0003DMP400006586,1327400,1739300,1377100
PGSC0003DMP400027098,1754500,286730,1366400
PGSC0003DMP400039427,421130,1063500,1356500
PGSC0003DMP400038685,2815600,3773900,1349600
PGSC0003DMP400017597,606010,1299200,1316500
PGSC0003DMP400031773,1298200,1398200,1304600
PGSC0003DMP400062190,1769500,2097700,1291000
PGSC0003DMP400052320,1465100,2027800,1280700
PGSC0003DMP400035708,1069800,821420,1261400
PGSC0003DMP400043521,667630,618130,1249500
PGSC0003DMP400014350,424250,0,1245300
PGSC0003DMP400026357,1526700,1957800,1245100
PGSC0003DMP400020790,1571800,2033700,1243900
PGSC0003DMP400034267,1361200,1682200,1220700
PGSC0003DMP400029964,1111000,0,1215500
PGSC0003DMP400007331,1492700,2217900,1212200
PGSC0003DMP400056071,10488000,4756500,1211400
PGSC0003DMP400054045,0,1009600,1202800
PGSC0003DMP400050083,351560,1056500,1191600
PGSC0003DMP400010226,486310,0,1189800
PGSC0003DMP400012911,881130,1122000,1189400
PGSC0003DMP400012204,1063500,1608900,1186700
PGSC0003DMP400008318,994590,1089800,1183500
PGSC0003DMP400017594,3249400,1226800,1182100
PGSC0003DMP400006266,571640,0,1181400
PGSC0003DMP400026964,1995500,961890,1171100
PGSC0003DMP400010459,265620,96335,1083400
PGSC0003DMP400051800,1103500,1544400,1083000
PGSC0003DMP400007618,1058400,846810,1081000
PGSC0003DMP400044436,206150,157930,1080400
PGSC0003DMP400002518,0,7878400,1066200
PGSC0003DMP400014822,1709700,2526700,1060500
PGSC0003DMP400059687,688720,242680,1059600
PGSC0003DMP400039917,908560,315010,1056300
PGSC0003DMP400018259,665110,881860,1053200
PGSC0003DMP400008566,262070,243590,1052200
PGSC0003DMP400041444,0,0,1041600
PGSC0003DMP400001305,1461800,0,1039900
PGSC0003DMP400003002,403400,365610,1017900
PGSC0003DMP400028336,99319,908470,1012000
PGSC0003DMP400007443,0,237940,1010600
PGSC0003DMP400015817,1079900,361840,1007000
PGSC0003DMP400031281,682760,812150,1005200
PGSC0003DMP400004891,559970,768280,1002200
PGSC0003DMP400000058,662370,691650,993600
PGSC0003DMP400046397,612220,766580,989380
PGSC0003DMP400042798,301350,459980,983780
PGSC0003DMP400019802,67020,734990,980790
PGSC0003DMP400013834,1322000,1361000,976870
PGSC0003DMP400050495,1333000,2234600,971900
PGSC0003DMP400023286,191810,234110,956120
PGSC0003DMP400010939,392470,508840,955300
PGSC0003DMP400049852,469450,635970,949700
PGSC0003DMP400039117,1046900,1040300,941560
PGSC0003DMP400053876,579960,664320,939220
PGSC0003DMP400032301,3751300,5015300,938480
PGSC0003DMP400055278,64411,79461,931920
PGSC0003DMP400031314,1113600,1275700,927520
PGSC0003DMP400054414,577910,1134400,915330
PGSC0003DMP400053664,526730,304040,912530
PGSC0003DMP400054673,1608200,3700200,909420
PGSC0003DMP400049289,1027500,556780,909280
PGSC0003DMP400048961,572420,907040,905240
PGSC0003DMP400011796,518750,967970,903240
PGSC0003DMP400022865,1033300,2900100,899520
PGSC0003DMP400002882,262310,260190,897130
PGSC0003DMP400038603,0,810540,892690
PGSC0003DMP400045324,0,1409800,876780
PGSC0003DMP400038453,724900,304240,857410
PGSC0003DMP400015215,380930,81104,854310
PGSC0003DMP400038623,512050,370270,846090
PGSC0003DMP400063871,481610,35504,841850
PGSC0003DMP400049347,86179,175150,839170
PGSC0003DMP400008648,2640900,1908000,838830
PGSC0003DMP400000071,495390,389560,836190
PGSC0003DMP400049374,9781300,7278600,824480
PGSC0003DMP400047126,85915,292480,822970
PGSC0003DMP400043467,1220900,5008100,822780
PGSC0003DMP400041615,433970,363900,803210
PGSC0003DMP400012952,228980,787540,794340
PGSC0003DMP400000258,65625,137090,791190
PGSC0003DMP400022558,886110,584980,773270
PGSC0003DMP400034120,300000,436080,772050
PGSC0003DMP400051586,1251400,206340,772050
PGSC0003DMP400028559,2263200,667550,771030
PGSC0003DMP400002846,866920,1569900,770050
PGSC0003DMP400020748,288830,0,765020
PGSC0003DMP400029245,1335600,0,763010
PGSC0003DMP400007966,849170,996750,761350
PGSC0003DMP400014926,0,362150,756530
PGSC0003DMP400025060,0,73059,733580
PGSC0003DMP400065069,2659900,4256800,727570
PGSC0003DMP400004984,2389500,1760100,725000
PGSC0003DMP400015541,486200,1072500,718980
PGSC0003DMP400017381,385610,145470,715320
PGSC0003DMP400035856,1037200,867050,708200
PGSC0003DMP400030926,1819300,0,702950
PGSC0003DMP400016518,0,0,697280
PGSC0003DMP400007153,0,363390,690630
PGSC0003DMP400049442,187440,311390,686860
PGSC0003DMP400045354,609300,707350,683340
PGSC0003DMP400008776,740750,0,670960
PGSC0003DMP400036811,1983500,284390,662860
PGSC0003DMP400035310,130890,0,661550
PGSC0003DMP400014152,0,1426100,660690
PGSC0003DMP400007033,0,0,659060
PGSC0003DMP400018475,377210,481160,648390
PGSC0003DMP400047783,187600,486910,647260
PGSC0003DMP400019801,35751,383290,645430
PGSC0003DMP400031813,146220,464620,643910
PGSC0003DMP400015450,0,0,642730
PGSC0003DMP400031749,68799,543000,634210
PGSC0003DMP400023547,543810,679340,628520
PGSC0003DMP400051019,311080,2625100,627330
PGSC0003DMP400043236,0,0,625530
PGSC0003DMP400046058,4578200,106830,614240
PGSC0003DMP400052411,2095300,4654500,609740
PGSC0003DMP400037351,382150,1547500,604630
PGSC0003DMP400048469,354320,0,603140
PGSC0003DMP400022930,621270,784570,600880
PGSC0003DMP400040957,0,158630,595200
PGSC0003DMP400032627,63829,0,593950
PGSC0003DMP400048006,1556400,1950300,586720
PGSC0003DMP400015091,316080,948290,573530
PGSC0003DMP400007173,150330,183140,572010
PGSC0003DMP400036161,703720,660260,566030
PGSC0003DMP400011041,429580,1123600,560390
PGSC0003DMP400017506,241910,538980,560310
PGSC0003DMP400026978,676640,459700,558890
PGSC0003DMP400015599,280780,939420,553530
PGSC0003DMP400053996,521890,1486600,546110
PGSC0003DMP400001290,691130,1254100,527920
PGSC0003DMP400014162,302360,586440,524520
PGSC0003DMP400035696,141430,177590,519860
PGSC0003DMP400046906,803450,546760,513650
PGSC0003DMP400044101,294490,680530,511860
PGSC0003DMP400041531,304040,563610,511430
PGSC0003DMP400035617,143210,209090,504290
PGSC0003DMP400040947,679890,527150,502100
PGSC0003DMP400042780,433440,513040,499170
PGSC0003DMP400023450,0,0,498960
PGSC0003DMP400025631,0,376420,497470
PGSC0003DMP400028510,0,364410,496770
PGSC0003DMP400019901,678700,0,492400
PGSC0003DMP400020557,241510,650420,488940
PGSC0003DMP400045891,449050,639530,488270
PGSC0003DMP400026647,502630,1170700,487890
PGSC0003DMP400014213,585090,0,481100
PGSC0003DMP400002753,133200,345780,480290
PGSC0003DMP400040587,258640,0,472100
PGSC0003DMP400055597,312420,109060,468010
PGSC0003DMP400002323,1573300,3415800,464380
PGSC0003DMP400024020,3018500,4115900,459060
PGSC0003DMP400011267,356110,758090,458990
PGSC0003DMP400043205,43296,0,457810
PGSC0003DMP400013890,261510,95897,444350
PGSC0003DMP400017168,391250,621360,442480
PGSC0003DMP400019507,98400,199900,441720
PGSC0003DMP400025759,191380,686990,441030
PGSC0003DMP400015570,0,0,440970
PGSC0003DMP400016146,0,117050,436110
PGSC0003DMP400028766,110520,206210,434240
PGSC0003DMP400049029,879060,0,424160
PGSC0003DMP400006982,0,692390,418290
PGSC0003DMP400053358,644620,1475200,408130
PGSC0003DMP400008460,89487,263790,407440
PGSC0003DMP400045554,1344600,0,401630
PGSC0003DMP400048843,671810,271680,398760
PGSC0003DMP400002237,0,248080,395850
PGSC0003DMP400000860,0,148300,393840
PGSC0003DMP400019515,6526900,32033000,392930
PGSC0003DMP400004167,709880,0,387180
PGSC0003DMP400027938,330090,544820,377310
PGSC0003DMP400014534,5790600,8953000,373180
PGSC0003DMP400002125,122720,540060,372450
PGSC0003DMP400028054,287330,351350,370900
PGSC0003DMP400000939,179270,107010,367610
PGSC0003DMP400028316,49273,0,366610
PGSC0003DMP400003459,2899700,5495100,366190
PGSC0003DMP400016503,270350,92494,361510
PGSC0003DMP400001336,0,0,353960
PGSC0003DMP400026589,950640,781920,352750
PGSC0003DMP400018071,756340,333070,350580
PGSC0003DMP400004477,570900,1172100,350550
PGSC0003DMP400053238,1126400,352760,350010
PGSC0003DMP400022077,194300,6018800,348370
PGSC0003DMP400040123,0,0,347860
PGSC0003DMP400014209,322040,0,347350
PGSC0003DMP400027058,208920,78754,346390
PGSC0003DMP400034029,230260,426590,344980
PGSC0003DMP400018535,142520,112980,344940
PGSC0003DMP400001433,280400,5066200,337350
PGSC0003DMP400020840,0,673680,328340
PGSC0003DMP400001632,5417600,10640000,326020
PGSC0003DMP400005586,718440,534000,325530
PGSC0003DMP400009970,1196300,4237100,324660
PGSC0003DMP400021683,312510,220070,320320
PGSC0003DMP400013343,0,202450,313370
PGSC0003DMP400031412,83656,101340,311310
PGSC0003DMP400045703,62166,427750,309930
PGSC0003DMP400032281,0,351040,307550
PGSC0003DMP400020187,0,0,307090
PGSC0003DMP400002461,618960,374080,305470
PGSC0003DMP400050503,320080,280910,302220
PGSC0003DMP400001967,204660,657830,300420
PGSC0003DMP400051168,1589700,2570100,300010
PGSC0003DMP400013302,627140,797110,294470
PGSC0003DMP400035199,0,273270,294000
PGSC0003DMP400019670,0,307140,280610
PGSC0003DMP400001722,0,76417,279800
PGSC0003DMP400025379,351840,79501,272150
PGSC0003DMP400031029,1715100,733330,265440
PGSC0003DMP400038764,420360,376550,265270
PGSC0003DMP400049366,481310,947840,262930
PGSC0003DMP400010988,90282,0,262070
PGSC0003DMP400043329,407490,498550,256790
PGSC0003DMP400026590,77125,0,253180
PGSC0003DMP400033839,124930,856560,253000
PGSC0003DMP400046532,1157300,1249600,240490
PGSC0003DMP400033895,71065,314170,237930
PGSC0003DMP400046710,2399400,1259900,237410
PGSC0003DMP400013944,0,267090,235460
PGSC0003DMP400054063,281560,504420,234020
PGSC0003DMP400043078,0,0,227210
PGSC0003DMP400056591,73713,0,222090
PGSC0003DMP400026165,80424,143760,221160
PGSC0003DMP400039372,169230,0,214730
PGSC0003DMP400015309,489270,156170,207470
PGSC0003DMP400005551,464290,504980,195570
PGSC0003DMP400013123,0,765140,193060
PGSC0003DMP400008494,436210,168740,192090
PGSC0003DMP400034134,332550,233220,191660
PGSC0003DMP400042846,418700,559390,191420
PGSC0003DMP400053194,311450,352250,190080
PGSC0003DMP400018006,855050,39821000,189300
PGSC0003DMP400046501,105000,0,189210
PGSC0003DMP400018472,86545,103430,188780
PGSC0003DMP400042200,2302500,149140,185580
PGSC0003DMP400069010,0,380090,185280
PGSC0003DMP400019004,82156,83670,184770
PGSC0003DMP400018092,415710,135280,184390
PGSC0003DMP400008192,0,143010,174420
PGSC0003DMP400012738,146220,231130,170790
PGSC0003DMP400001261,13782000,13514000,168910
PGSC0003DMP400020092,1671000,7770000,165760
PGSC0003DMP400017124,48447,157780,159830
PGSC0003DMP400051612,0,17664,156340
PGSC0003DMP400044945,93424,651830,156190
PGSC0003DMP400053026,0,32279,145900
PGSC0003DMP400048236,79509,114960,145770
PGSC0003DMP400000699,0,0,143880
PGSC0003DMP400054264,60653,306200,143480
PGSC0003DMP400007371,578140,0,140810
PGSC0003DMP400044756,18705,0,140490
PGSC0003DMP400044489,0,0,139950
PGSC0003DMP400002523,69667,113850,137510
PGSC0003DMP400022504,1920000,2298700,136710
PGSC0003DMP400006535,0,413650,135230
PGSC0003DMP400022802,63568,90701,132590
PGSC0003DMP400009482,0,73383,130890
PGSC0003DMP400011528,50977,381590,130310
PGSC0003DMP400017448,0,213940,127030
PGSC0003DMP400052852,0,0,123900
PGSC0003DMP400053397,221590,73101,121010
PGSC0003DMP400003226,212860,103540,119620
PGSC0003DMP400041124,0,135760,119080
PGSC0003DMP400047296,270430,267360,115100
PGSC0003DMP400032073,0,1201300,113730
PGSC0003DMP400013289,102130,229520,108770
PGSC0003DMP400034528,205080,860870,108620
PGSC0003DMP400028334,0,241140,108620
PGSC0003DMP400052931,155360,67701,107200
PGSC0003DMP400001650,0,418450,104580
PGSC0003DMP400020660,0,1968400,100130
PGSC0003DMP400010903,0,55850,99411
PGSC0003DMP400007322,115750,444150,98991
PGSC0003DMP400051855,0,293830,97402
PGSC0003DMP400008775,0,0,94057
PGSC0003DMP400051809,388000,554020,93712
PGSC0003DMP400051079,0,48766,93256
PGSC0003DMP400015375,30388,47527,92763
PGSC0003DMP400000855,458720,184780,92102
PGSC0003DMP400051180,297010,161760,91156
PGSC0003DMP400005932,0,0,90865
PGSC0003DMP400032614,90639,0,89128
PGSC0003DMP400000081,0,0,88839
PGSC0003DMP400046883,0,44077,84955
PGSC0003DMP400036854,242160,0,84668
PGSC0003DMP400028363,44593,0,84535
PGSC0003DMP400021819,82113,0,83808
PGSC0003DMP400004499,173120,83269,82072
PGSC0003DMP400009575,0,0,79742
PGSC0003DMP400043511,0,72913,76830
PGSC0003DMP400017686,1077200,1910300,72287
PGSC0003DMP400054475,76391,48008,69697
PGSC0003DMP400038817,58501,235740,65186
PGSC0003DMP400046394,0,0,64706
PGSC0003DMP400033560,0,2722900,64125
PGSC0003DMP400001377,0,0,61694
PGSC0003DMP400027836,47510,47381,61486
PGSC0003DMP400024120,0,0,59978
PGSC0003DMP400011647,283790,119100,54547
PGSC0003DMP400040626,0,132130,51121
PGSC0003DMP400040933,55625,1546600,49691
PGSC0003DMP400014286,0,0,48369
PGSC0003DMP400050055,0,57534,47388
PGSC0003DMP400019261,464400,171490,46506
PGSC0003DMP400019828,81029,33649,38208
PGSC0003DMP400042753,0,38428,32721
PGSC0003DMP400026983,32779,66578,32129
PGSC0003DMP400035725,138870,385780,20062
PGSC0003DMP400023622,84025,9342.1,15448
PGSC0003DMP400008029,27170000,17531000,0
PGSC0003DMP400000413,11198000,14300000,0
PGSC0003DMP400006170,5511000,10070000,0
PGSC0003DMP400005231,3894500,4316800,0
PGSC0003DMP400037174,2981700,4085100,0
PGSC0003DMP400018422,0,4079800,0
PGSC0003DMP400033828,3627200,3700900,0
PGSC0003DMP400048836,0,3332600,0
PGSC0003DMP400005719,331100,3031800,0
PGSC0003DMP400013971,2708100,2638300,0
PGSC0003DMP400042879,2575300,2213700,0
PGSC0003DMP400017654,908370,2036100,0
PGSC0003DMP400008606,3429700,1688200,0
PGSC0003DMP400022971,451750,1220000,0
PGSC0003DMP400018966,1199100,1190500,0
PGSC0003DMP400024216,1263400,1155400,0
PGSC0003DMP400008174,1987500,1077700,0
PGSC0003DMP400053889,63399,814510,0
PGSC0003DMP400057304,0,773770,0
PGSC0003DMP400021731,280220,737860,0
PGSC0003DMP400012531,367610,549130,0
PGSC0003DMP400049330,258140,453090,0
PGSC0003DMP400029651,88151,429870,0
PGSC0003DMP400052955,578400,398390,0
PGSC0003DMP400056198,334090,356190,0
PGSC0003DMP400045895,0,339240,0
PGSC0003DMP400042898,47834,322350,0
PGSC0003DMP400016065,1158700,301820,0
PGSC0003DMP400015506,695000,265970,0
PGSC0003DMP400015278,1260300,262820,0
PGSC0003DMP400016192,169470,254020,0
PGSC0003DMP400049710,62990,246890,0
PGSC0003DMP400006705,0,215930,0
PGSC0003DMP400001166,155290,129380,0
PGSC0003DMP400028549,334110,90944,0
PGSC0003DMP400038248,40549,90634,0
PGSC0003DMP400012514,69000,36393,0
PGSC0003DMP400045235,2371200,0,0
PGSC0003DMP400014665,799380,0,0
PGSC0003DMP400005580,515980,0,0
PGSC0003DMP400047062,295940,0,0
PGSC0003DMP400009813,141080,0,0
PGSC0003DMP400009332,136020,0,0
PGSC0003DMP400000010,64744,0,0
PGSC0003DMP400014471,0,0,0
PGSC0003DMP400025375,0,0,0
